<?xml version="1.0" encoding="UTF-8"?>
<!-- beans indicate collection of group of objects -->
<beans xmlns = "http://www.springframework.org/schema/beans"
   xmlns:xsi = "http://www.w3.org/2001/XMLSchema-instance"
   xsi:schemaLocation = "http://www.springframework.org/schema/beans
   http://www.springframework.org/schema/beans/spring-beans-3.0.xsd">
<!-- object of student -->
<bean id="student" class="com.example.Student"></bean>
<!-- object of dao with temp getting activated from HibernateTemplate -->
<bean id="dao" class="com.example.StudentDAO">
<property name="temp" ref="tempref"></property>
</bean>
<!-- ref from template class with session factory -->
<bean id="tempref" class="org.springframework.orm.hibernate3.HibernateTemplate">
<property name="sessionFactory" ref="sfref"></property>
</bean>

<!-- ref for session factory with data source-->
<bean id="sfref" class="org.springframework.orm.hibernate3.annotation.AnnotationSessionFactoryBean">
<property name="dataSource" ref="ds"></property>
<property name="packagesToScan" value="com.example"></property>
<property name="hibernateProperties">
<props>
<prop key="hibernate.dialect">org.hibernate.dialect.MySQLDialect</prop>
<prop key="hibernate.hbm2ddl.auto">update</prop>
<prop key="hibernate.show_sql">true</prop>
</props>
</property>
</bean>

<!-- data source  -->
<bean id="ds" class="org.apache.commons.dbcp.BasicDataSource">
<property name="driverClassName" value="com.mysql.jdbc.Driver"></property>
<property name="url" value="jdbc:mysql://localhost:3306/phase3"></property>
<property name="username" value="root"></property>
<property name="password" value="Balaji@1131"></property>
</bean>
   
   </beans>
